{
	"id": "df6240d0ab7fcb3243aaf6159dc92c64",
	"_format": "hh-sol-build-info-1",
	"solcVersion": "0.8.22",
	"solcLongVersion": "0.8.22+commit.4fc1097e",
	"input": {
		"language": "Solidity",
		"sources": {
			"comments1.sol": {
				"content": "// SPDX-License-Identifier: MIT\r\npragma solidity >= 0.7.0 < 0.9.0;\r\n\r\n//Teste de comentários\r\n\r\n/* Teste de comentários\r\n1, 2, 3 e multiplas linhas\r\n5,6,7 */ \r\n\r\n"
			}
		},
		"settings": {
			"optimizer": {
				"enabled": false,
				"runs": 200
			},
			"outputSelection": {
				"*": {
					"": [
						"ast"
					],
					"*": [
						"abi",
						"metadata",
						"devdoc",
						"userdoc",
						"storageLayout",
						"evm.legacyAssembly",
						"evm.bytecode",
						"evm.deployedBytecode",
						"evm.methodIdentifiers",
						"evm.gasEstimates",
						"evm.assembly"
					]
				}
			},
			"remappings": []
		}
	},
	"output": {
		"sources": {
			"comments1.sol": {
				"ast": {
					"absolutePath": "comments1.sol",
					"exportedSymbols": {},
					"id": 2,
					"license": "MIT",
					"nodeType": "SourceUnit",
					"nodes": [
						{
							"id": 1,
							"literals": [
								"solidity",
								">=",
								"0.7",
								".0",
								"<",
								"0.9",
								".0"
							],
							"nodeType": "PragmaDirective",
							"src": "33:33:0"
						}
					],
					"src": "33:131:0"
				},
				"id": 0
			}
		}
	}
}